{"entities":{"pages":{"Contents":{"id":"Contents","title":"Contents","url":"contents.html","level":0,"tabIndex":0},"Main-Content":{"id":"Main-Content","title":"正文","url":"main-content.html","level":0,"pages":["I-时空隧道","II-恍惚明暗","III-法师塔初途","IV-你是谁？"],"tabIndex":1},"I-时空隧道":{"id":"I-时空隧道","title":"I 时空隧道","url":"i-时空隧道.html","level":1,"parentId":"Main-Content","tabIndex":0},"II-恍惚明暗":{"id":"II-恍惚明暗","title":"II 恍惚明暗","url":"ii-恍惚明暗.html","level":1,"parentId":"Main-Content","tabIndex":1},"III-法师塔初途":{"id":"III-法师塔初途","title":"III 法师塔初途","url":"iii-法师塔初途.html","level":1,"parentId":"Main-Content","tabIndex":2},"IV-你是谁？":{"id":"IV-你是谁？","title":"IV 你是谁？","url":"iv-你是谁.html","level":1,"parentId":"Main-Content","tabIndex":3},"Fanwai":{"id":"Fanwai","title":"番外","url":"fanwai.html","level":0,"pages":["冕下的生日"],"tabIndex":2},"冕下的生日":{"id":"冕下的生日","title":"冕下的生日","url":"冕下的生日.html","level":1,"parentId":"Fanwai","tabIndex":0},"其他文章":{"id":"其他文章","title":"其他文章","url":"其他文章.html","level":0,"pages":["生命的色彩穿透云霄"],"tabIndex":3},"生命的色彩穿透云霄":{"id":"生命的色彩穿透云霄","title":"生命的色彩穿透云霄","url":"生命的色彩穿透云霄.html","level":1,"parentId":"其他文章","tabIndex":0},"Credits":{"id":"Credits","title":"制作人员名单","url":"credits.html","level":0,"tabIndex":4},"人物出场表":{"id":"人物出场表","title":"人物出场表","url":"人物出场表.html","level":0,"tabIndex":5},"versions":{"id":"versions","title":"版本历史记录","url":"versions.html","level":0,"tabIndex":6}}},"topLevelIds":["Contents","Main-Content","Fanwai","其他文章","Credits","人物出场表","versions"]}